{
  "project_info": {
    "project_number": "571631889000",
    "firebase_url": "https://otp-authentication-58aa6.firebaseio.com",
    "project_id": "otp-authentication-58aa6",
    "storage_bucket": "otp-authentication-58aa6.appspot.com"
  },
  "client": [
    {
      "client_info": {
        "mobilesdk_app_id": "1:571631889000:android:88dcaaf7b0dc18a8",
        "android_client_info": {
          "package_name": "com.example.otpauthentication"
        }
      },
      "oauth_client": [
        {
          "client_id": "571631889000-n9qjroes5gm5c71kk441f7j7f8i66fqg.apps.googleusercontent.com",
          "client_type": 1,
          "android_info": {
            "package_name": "com.example.otpauthentication",
            "certificate_hash": "85b3e25db52c294e7e6ced1afc89d8bb10d81276"
          }
        },
        {
          "client_id": "571631889000-icfi40bo4hdop4ur9hcqc0ttji0oh4us.apps.googleusercontent.com",
          "client_type": 3
        }
      ],
      "api_key": [
        {
          "current_key": "AIzaSyB6t2ohX_73ABvMGcZpwHv8KFC-sy_ozM4"
        }
      ],
      "services": {
        "appinvite_service": {
          "other_platform_oauth_client": [
            {
              "client_id": "571631889000-icfi40bo4hdop4ur9hcqc0ttji0oh4us.apps.googleusercontent.com",
              "client_type": 3
            }
          ]
        }
      }
    }
  ],
  "configuration_version": "1"
}